item_name,price,shop,image
荣耀Play4T 全网通6GB+128GB大内存 幻夜黑 4000mAh大电池 4800万AI摄影  6.3英寸魅眼屏,1199.00,荣耀京东自营旗舰店,https://img10.360buyimg.com/n7/jfs/t1/105732/27/17609/262062/5e8c49e0E88ebfa8b/3b57d0fc68f3baf1.jpg
Redmi 8A 5000mAh大电量 大字体大音量大内存 骁龙八核处理器 AI人脸解锁 莱茵护眼全面屏 4GB+64GB 耀夜黑 游戏智能老人手机 小米 红米,699.00,小米京东自营旗舰店,https://img11.360buyimg.com/n7/jfs/t1/54085/1/13732/194509/5da6d50fE32d0191a/68d0ac29ce4a326d.jpg
荣耀Play4T Pro 麒麟810芯片 OLED屏幕指纹 4800万高感光夜拍三摄 22.5W超级快充 全网通6GB+128GB 冰岛幻境,1499.00,荣耀京东自营旗舰店,https://img11.360buyimg.com/n7/jfs/t1/104812/35/17303/242507/5e848fb1E2c1d6eff/d2db1412dcce1d96.jpg
荣耀Play3 6.39英寸魅眼全视屏 4000mAh大电池 真4800万AI三摄 麒麟710F自研芯片 畅玩全网通6GB+64GB 幻夜黑,989.00,荣耀京东自营旗舰店,https://img13.360buyimg.com/n7/jfs/t1/46183/7/15394/240626/5dc41505E8695eb48/96717b886222b91b.jpg
荣耀9X 麒麟810 4000mAh续航 4800万超清夜拍 6.59英寸升降全面屏 全网通6GB+64GB 魅海蓝,1289.00,荣耀京东自营旗舰店,https://img12.360buyimg.com/n7/jfs/t1/45124/2/5820/397999/5d36c0cdEda359655/61f65ac6aae3146b.jpg
荣耀20青春版 AMOLED屏幕指纹 4000mAh大电池 20W快充 4800万 手机 6GB+64GB 冰岛幻境,1189.00,荣耀京东自营旗舰店,https://img13.360buyimg.com/n7/jfs/t1/76587/14/12877/497285/5da51d7cEbb0bf38c/0f96fe7f6a8596a0.jpg
Redmi Note8 4800万全场景四摄 4000mAh长续航 高通骁龙665 18W快充 小金刚品质保证 4GB+64GB 皓月白 游戏智能手机 小米 红米,899.00,小米京东自营旗舰店,https://img14.360buyimg.com/n7/jfs/t1/65786/38/8555/351173/5d674913E0a3b51f6/8d2e3fadc4cfac3c.jpg
荣耀30S 麒麟820 5G芯片 3倍光学变焦 20倍数字变焦 全网通版8GB+128GB 蝶羽白,2389.00,荣耀京东自营旗舰店,https://img10.360buyimg.com/n7/jfs/t1/114717/38/6659/123673/5ebbd177Ed621712b/ccfec8fb9de3c859.jpg
Apple iPhone 11 (A2223) 128GB 白色 移动联通电信4G手机 双卡双待,5999.00,Apple产品京东自营旗舰店,https://img10.360buyimg.com/n7/jfs/t1/107903/25/18182/169414/5ebe5ab6E7159cdd7/e1f69c3649f58861.jpg
荣耀畅玩9A 6.3英寸珍珠全面屏 震撼大音量 4GB+64GB 蓝水翡翠 移动联通电信4G全面屏手机 双卡双待,899.00,荣耀京东自营旗舰店,https://img14.360buyimg.com/n7/jfs/t1/91386/40/16416/191394/5e79876fEdfa97082/94a6e4a559d3619a.jpg
vivo U3x 4GB+64GB 深湖蓝 5000mAh大电池 18W双引擎闪充 超广角AI三摄 骁龙665处理器 全网通4G手机,949.00,vivo京东自营官方旗舰店,https://img11.360buyimg.com/n7/jfs/t1/57351/6/11206/263380/5d82fdc9E37047c60/48c0bc3ce79c7a07.jpg
Redmi Note8Pro 6400万全场景四摄 液冷游戏芯 4500mAh长续航 NFC 18W快充 红外遥控 6GB+64GB 贝母白 游戏智能手机 小米 红米,1199.00,小米京东自营旗舰店,https://img13.360buyimg.com/n7/jfs/t1/39922/24/15447/189604/5d67a603Ebdb5c6c4/09ddd17f500d721e.jpg
Redmi K30 王一博同款 120Hz流速屏 前置挖孔双摄 6GB+128GB 深海微光 游戏智能手机 小米 红米,1599.00,小米京东自营旗舰店,https://img11.360buyimg.com/n7/jfs/t1/106720/5/6864/102152/5df64dd3E54ef6db2/17cc73b43ad6538d.jpg
vivo Z5x 712升级版 6GB+128GB 极光色 骁龙712处理器 极点屏手机 5000mAh大电池 三摄拍照手机 全网通4G手机,1398.00,iQOO京东官方自营旗舰店,https://img13.360buyimg.com/n7/jfs/t1/124413/33/116/163984/5eb37ecfE83bc43ad/ae5987e893ffbd24.jpg
OPPO K5 8GB+128GB 奇幻森林 6400万超清四摄 VOOC闪充4.0 高通骁龙730G 4G游戏智能手机,1899.00,OPPO京东自营官方旗舰店,https://img11.360buyimg.com/n7/jfs/t1/101754/38/13708/123333/5e5cbe72Edc007748/2ea403d0965bcdf5.jpg
vivo iQOO Neo3 5G 8GB+128GB 夜幕黑 高通骁龙865 144Hz竞速屏 立体双扬 44W闪充 双模5G全网通手机,2998.00,iQOO京东官方自营旗舰店,https://img13.360buyimg.com/n7/jfs/t1/108285/25/13554/506020/5ea1430cE5224bdff/5a9e4dad8e8c3952.jpg
"京品手机	
【超级爆款】华为 HUAWEI P30 超感光徕卡三摄麒麟980AI智能芯片全面屏屏内指纹版手机8GB+128GB天空之境全网通双4G手机",3288.00,华为京东自营官方旗舰店,https://img14.360buyimg.com/n7/jfs/t1/50018/39/8127/229510/5d5b5043E66769ff0/8907776f7bd66d57.jpg
荣耀20 PRO 4800万全焦段AI四摄 双光学防抖 麒麟980 全网通4G 8GB+128GB 幻夜星河 拍照手机,2289.00,荣耀京东自营旗舰店,https://img11.360buyimg.com/n7/jfs/t28822/35/1566945199/293949/86cf3f83/5ce44e3cN9f8622b3.jpg
华为 HUAWEI Mate 30 5G 麒麟990 4000万超感光徕卡影像双超级快充8GB+128GB亮黑色5G全网通游戏手机,4469.00,华为京东自营官方旗舰店,https://img14.360buyimg.com/n7/jfs/t1/50975/30/15545/168609/5dc985c4E06e8dbda/032be1072bde8b82.jpg
华为 HUAWEI nova 7 5G 6400万后置四摄 5G SoC芯片 OLED极点全面屏 8GB+128GB 7号色全网通5G手机,2999.00,华为京东自营官方旗舰店,https://img10.360buyimg.com/n7/jfs/t1/111168/28/2354/102250/5ea18214Eecd55f85/ea37c0760c8a614f.jpg
Apple iPhone 11 Pro Max (A2220) 256GB 暗夜绿色  移动联通电信4G手机 双卡双待,10899.00,Apple产品京东自营旗舰店,https://img13.360buyimg.com/n7/jfs/t1/112338/28/6775/204207/5ebe6212Edda13599/7d790a8ffc8bff06.jpg
华为 HUAWEI P30 Pro 超感光徕卡四摄10倍混合变焦麒麟980芯片屏内指纹 8GB+128GB极光色全网通版双4G手机,3788.00,华为京东自营官方旗舰店,https://img14.360buyimg.com/n7/jfs/t1/19261/13/12605/324178/5c98c7bcE63f668de/ca2762256ec6f931.jpg
华为 HUAWEI nova 5z 麒麟810芯片 4800万AI四摄 3200万人像超级夜景 6GB+128GB 幻夜黑 全网通双卡双待,1599.00,华为京东自营官方旗舰店,https://img10.360buyimg.com/n7/jfs/t1/102600/33/3423/416682/5de0857aE886a013d/7c6b2e7a3f12c9bf.jpg
华为 HUAWEI 畅享8e 青春版 2GB+32GB全面屏 金色 全网通版 移动联通电信4G手机 双卡双待,499.00,华为京东自营官方旗舰店,https://img12.360buyimg.com/n7/jfs/t21043/186/220467895/46630/3417464c/5b0517ccN295c6fdb.jpg
荣耀30 Pro 50倍远摄 麒麟990 5G 4000万超感光摄影 3200W美颜自拍 全网通版8GB+128GB 钛空银 全面屏手机,3989.00,荣耀京东自营旗舰店,https://img13.360buyimg.com/n7/jfs/t1/115165/22/6235/143918/5eb8fcceEa797a0e2/b4396a226aaaf25a.jpg
华为 HUAWEI 麦芒 8 超广角AI三摄 高清珍珠屏 大存储 6GB+128GB 宝石蓝 全网通双4G手机,1299.00,华为京东自营官方旗舰店,https://img10.360buyimg.com/n7/jfs/t1/45025/29/1105/271162/5cee30d5Eab1a589d/9c23b79226461912.jpg
vivo Z6 5G手机 6GB+128GB 冰川纪 44W超快闪充 高通骁龙765G 5000mAh超大电池 全网通手机,2198.00,vivo京东自营官方旗舰店,https://img10.360buyimg.com/n7/jfs/t1/103744/7/13376/321426/5e5776c0Ea6a86905/e22607b9714783a9.jpg
Apple iPhone SE (A2298) 128GB 黑色 移动联通电信4G手机,3799.00,Apple产品京东自营旗舰店,https://img14.360buyimg.com/n7/jfs/t1/114483/37/1360/145854/5e973ab1Ec8dc3e91/cdab3422b2886eed.jpg
荣耀30 50倍远摄 麒麟985 5G 4000万超广角AI四摄 3200W美颜自拍 全网通版8GB+128GB 钛空银 全面屏手机,3189.00,荣耀京东自营旗舰店,https://img12.360buyimg.com/n7/jfs/t1/114067/20/6521/144373/5ebb9cf1Ecc7c3fac/af96576c03a5ad32.jpg
Redmi 7A 4000mAh超长续航 AI人脸解锁 骁龙8核  标配10W充电器 整机防泼溅 2GB+32GB 雾光金 游戏智能手机 小米 红米,539.00,小米京东自营旗舰店,https://img14.360buyimg.com/n7/jfs/t1/64744/38/4527/180981/5d2d40f7E578aa21f/a4db9ac21c056064.jpg
Redmi 7A 4000mAh超长续航 AI人脸解锁 骁龙8核  标配10W充电器 整机防泼溅 2GB+32GB 雾光金 游戏智能手机 小米 红米,539.00,小米京东自营旗舰店,https://img14.360buyimg.com/n7/jfs/t1/64744/38/4527/180981/5d2d40f7E578aa21f/a4db9ac21c056064.jpg
华为 HUAWEI 畅享 10e 6.3英寸大屏幕1300万像素后置双摄 5000mAh大电池4GB+64GB幻夜黑全网通4G手机,999.00,华为京东自营官方旗舰店,https://img10.360buyimg.com/n7/jfs/t1/94597/14/13680/228577/5e5b59d3E5b72beed/c7d1b178447cf7e9.jpg
华为 HUAWEI nova 5 Pro 前置3200万人像超级夜景4800万AI四摄麒麟980芯片8GB+128GB亮黑色全网通双4G手机,2299.00,华为京东自营官方旗舰店,https://img14.360buyimg.com/n7/jfs/t1/51336/1/8104/201268/5d5b5213Ec0ea1a1d/ca1e456c486d6ed7.jpg
魅族17 8GB+128GB 十七度灰 骁龙865 旗舰5G手机 30W快充 6400W后置主摄 90Hz屏幕 支持NFC 智能拍照游戏手机,3699.00,魅族京东自营旗舰店,https://img14.360buyimg.com/n7/jfs/t1/123448/6/426/201466/5eb518ccE2e142245/ff1353d0a5d15ad9.jpg
"京品手机	
Apple iPhone XR (A2108) 128GB 黑色 移动联通电信4G手机 双卡双待",4899.00,Apple产品京东自营旗舰店,https://img10.360buyimg.com/n7/jfs/t1/123179/9/1612/174453/5ebe5151E6ff8d5b4/ccaa6b3be46e3cd7.jpg
一加 OnePlus 8 5G旗舰 90Hz高清柔性屏 高通骁龙865 180g轻薄手感 8GB+128GB 银翼 超清超广角拍照游戏手机,3999.00,一加手机京东自营官方旗舰店,https://img12.360buyimg.com/n7/jfs/t1/125453/11/1514/238677/5ebd06d4Ec44925b9/f11f127937d7be3c.jpg
华为 HUAWEI 畅享10 Plus 超高清全视屏前置悬浮式镜头4800万超广角AI三摄 4GB+128GB幻夜黑全网通双4G手机,1249.00,华为京东自营官方旗舰店,https://img11.360buyimg.com/n7/jfs/t1/42460/39/13570/407199/5d6cef9cEd45d2dae/0ecc260163654b2a.jpg
荣耀20S 3200万人像超级夜景 4800万超广角AI三摄 麒麟810 全网通版6GB+128GB 蝶羽白,1689.00,荣耀京东自营旗舰店,https://img10.360buyimg.com/n7/jfs/t1/39682/23/15588/215775/5d672c3cE3097fa6f/4e94336da719e538.jpg
荣耀 畅玩7 2GB+32GB 黑色 全网通4G手机 智能机 老人手机 双卡双待,469.00,荣耀京东自营旗舰店,https://img12.360buyimg.com/n7/jfs/t1/79484/29/13847/241443/5db2aa78Eec419888/69520a6d975eea6a.jpg
Apple iPhone 11 Pro (A2217) 256GB 暗夜绿色 移动联通电信4G手机 双卡双待,9999.00,Apple产品京东自营旗舰店,https://img12.360buyimg.com/n7/jfs/t1/113406/6/6836/199651/5ebe5f48Ec1235b11/48cd06fea9112697.jpg
华为 HUAWEI P40 Pro 麒麟990 5G SoC芯片 5000万超感知徕卡四摄 50倍数字变焦 8GB+128GB亮黑色全网通5G手机,5988.00,华为京东自营官方旗舰店,https://img14.360buyimg.com/n7/jfs/t1/102355/27/16507/458075/5e7cb7b7E3071625c/a90c1d0514532adc.jpg
vivo Z5 6GB+128GB 全息幻彩 4800万超广角AI三摄手机 22.5W快充 4500mAh大电池 全网通4G手机,1498.00,vivo京东自营官方旗舰店,https://img12.360buyimg.com/n7/jfs/t1/84372/9/6406/273496/5d47f5fdEa6e3fb09/71d66a8e6e0473e0.jpg
OPPO A52 8GB+128GB 星耀白 5000mAh超大电池+18W疾速快充 星阵AI四摄 侧边指纹   全面屏拍照游戏智能手机,1599.00,OPPO京东自营官方旗舰店,https://img13.360buyimg.com/n7/jfs/t1/109265/22/13522/238337/5ea139e0Ec857833d/340a37886f483e67.jpg
华为 HUAWEI P40 麒麟990 5G SoC芯片 5000万超感知徕卡三摄 30倍数字变焦 8GB+128GB亮黑色全网通5G手机,4488.00,华为京东自营官方旗舰店,https://img10.360buyimg.com/n7/jfs/t1/90275/22/16448/88997/5e7cbc95E216daec4/9316593be50948f8.jpg
【向往的生活同款】小米10 Pro  双模5G 骁龙865 1亿像素8K电影相机  50倍变焦 50W快充 8GB+256GB 珍珠白 拍照智能游戏手机,4999.00,小米京东自营旗舰店,https://img11.360buyimg.com/n7/jfs/t1/101657/4/19179/137400/5e9ade96E47d86e71/0cf6e05c9b7d4360.jpg
一加 OnePlus 8 Pro 5G旗舰 2K+120Hz 柔性屏 30W无线闪充 骁龙865 12GB+256GB 蓝调 超清超广角拍照游戏手机【碎屏险套装】,6069.00,一加手机京东自营官方旗舰店,https://img10.360buyimg.com/n7/jfs/t1/87606/16/19435/185913/5e9d80bbEf5d9e2d0/d442e59402d20fcd.jpg
Apple iPhone XS Max (A2104) 256GB 银色 移动联通电信4G手机 双卡双待,7399.00,Apple产品京东自营旗舰店,https://img14.360buyimg.com/n7/jfs/t1/122009/20/1688/277065/5ebe5639Ef7a5fbaf/0dc8da3d9d9e2b24.jpg
荣耀V30 5G 双模 麒麟990 突破性相机矩阵 游戏手机 6GB+128GB 冰岛幻境 移动联通电信5G 双卡双待,2989.00,荣耀京东自营旗舰店,https://img10.360buyimg.com/n7/jfs/t1/99337/33/10666/104458/5e1c2f32Ea27a5a9b/5694cbbb3991616c.jpg
华为 HUAWEI nova 6 SE 麒麟810芯片4800万AI四摄40W超级快充8GB+128GB 樱雪晴空 全网通双卡双待,1999.00,华为京东自营官方旗舰店,https://img12.360buyimg.com/n7/jfs/t1/96544/40/4747/86371/5de8beadE38b005e8/a2900445d2c95b7b.jpg
三星 Galaxy A90 5G(SM-A9080) 5G手机 骁龙855 4500mAh超长续航 4800万后置三摄 双卡双待 8GB+128GB 全息黑,2899.00,三星手机京东自营官方旗舰店,https://img14.360buyimg.com/n7/jfs/t1/49042/15/15820/99252/5dcd1eb3E59798b1b/bb63f1f9baa33e7f.jpg
华为nova5i 手机 苏音蓝 8+128G 全网通,1488.00,京铠玄手机旗舰店,https://img10.360buyimg.com/n7/jfs/t1/51796/3/3090/165250/5d0da795Eab1d07e8/780a99bc93e0230b.png
华为 HUAWEI nova 6 105°前置广角双摄 超感光暗拍 麒麟990芯片8GB+128GB普罗旺斯4G全网通双卡双待,2499.00,华为京东自营官方旗舰店,https://img11.360buyimg.com/n7/jfs/t1/101146/6/8064/155106/5e01cb83Ef288ef25/c2f265acc0c51474.jpg
【向往的生活同款】小米10 双模5G 骁龙865  1亿像素8K电影相机  对称式立体声8GB +128GB 冰海蓝 拍照智能游戏手机,3999.00,小米京东自营旗舰店,https://img11.360buyimg.com/n7/jfs/t1/93510/40/12112/71392/5e440103E75f0fd01/e523be52552921bf.jpg
Redmi K30 Pro 5G先锋 骁龙865旗舰处理器 弹出式超光感全面屏 索尼6400万高清四摄 4700mAh长续航 33W闪充 6GB+128GB 天际蓝 游戏智能手机 小米 红米,2999.00,小米京东自营旗舰店,https://img11.360buyimg.com/n7/jfs/t1/92535/31/16149/430668/5e78a968E85dd1136/9f57c93b0a17b758.jpg
华为 HUAWEI 畅享 9e 实力大音量高像素珍珠屏3GB+64GB摩登黑全网通版双4G手机,799.00,华为京东自营官方旗舰店,https://img10.360buyimg.com/n7/jfs/t29791/357/1323569526/304504/9108fc41/5cdd3311N5eeecad8.jpg
一加 OnePlus 7T 90Hz流体屏 高通骁龙855Plus旗舰性能 4800万超广角三摄  8GB+256GB 冰际蓝 全面屏拍照游戏手机,3199.00,一加手机京东自营官方旗舰店,https://img13.360buyimg.com/n7/jfs/t1/51433/10/13549/219271/5da579caE463ba0cc/1ef00a067fe76605.jpg
华为 HUAWEI Mate 30 麒麟990旗舰芯片4000万超感光徕卡影像屏内指纹8G+128GB亮黑色4G全网通版游戏手机,3799.00,华为京东自营官方旗舰店,https://img11.360buyimg.com/n7/jfs/t1/79596/30/11549/676613/5d901c88Ec7a97d29/d189e56d89d975b6.jpg
OPPO A11x 4800万四摄 5000mAh大电池 8GB+128GB 香草薄荷 全网通4G 全面屏拍照游戏智能手机,1599.00,OPPO京东自营官方旗舰店,https://img11.360buyimg.com/n7/jfs/t1/71752/39/14211/247443/5db978aeEb806f1cb/7ad19ffa431edfc7.jpg
华为 HUAWEI nova 7 SE 5G 麒麟820 5G SoC芯片 6400万高清AI四摄 40W超级快充 8GB+128GB 幻夜黑全网通手机,2399.00,华为京东自营官方旗舰店,https://img10.360buyimg.com/n7/jfs/t1/106127/3/19923/49983/5ea18193Ebc43c5d7/39bddf4c961567df.jpg
Redmi K30 王一博同款 5G双模 120Hz流速屏 骁龙765G 30W快充 6GB+128GB 深海微光 游戏智能手机 小米 红米,1999.00,小米京东自营旗舰店,https://img12.360buyimg.com/n7/jfs/t1/102911/12/15632/121784/5e71ccd6E63b84804/592e58f2fc2acaae.jpg
腾讯黑鲨游戏手机3 12GB+256GB 闪电黑 骁龙865 270Hz触控采样率 “三明治”液冷散热 90Hz屏幕刷新率 双模5G,3999.00,黑鲨京东自营官方旗舰店,https://img13.360buyimg.com/n7/jfs/t1/105130/9/13901/76212/5e5e4b63E3b408d81/8c2a9338d793794e.jpg
vivo S6 5G手机 8GB+128GB 天鹅湖 前置3200万超清夜景自拍 4500mAh大电池  后置四摄 双模5G全网通手机,2698.00,vivo京东自营官方旗舰店,https://img10.360buyimg.com/n7/jfs/t1/91662/35/17376/232054/5e831f42E31d07f15/6a9efb6245562f64.jpg
OPPO Reno3 元气版 双模5G 4800万超清四摄 视频双防抖 7.96mm纤薄机身  8GB+128GB 天镜白 游戏视频手机,2999.00,OPPO京东自营官方旗舰店,https://img12.360buyimg.com/n7/jfs/t1/105372/30/10877/137850/5e242cb4Ee34961cd/200e3d9d780891cd.jpg
华为 HUAWEI Mate 30 Pro 5G 麒麟990 OLED环幕屏双4000万徕卡电影四摄8GB+256GB丹霞橙5G全网通游戏手机,6399.00,华为京东自营官方旗舰店,https://img11.360buyimg.com/n7/jfs/t1/90139/34/1379/180822/5dbe8875E02dc2e95/c78c80a4116ee57d.jpg
小米10青春版 双模5G 骁龙765G 50倍潜望式变焦四摄 6GB+64GB 蓝莓薄荷 游戏手机,2099.00,小米京东自营旗舰店,https://img12.360buyimg.com/n7/jfs/t1/128314/26/344/83872/5eb4bfa4E7bf452ce/6c737ca7b315cd62.jpg
三星 Galaxy A70s （SM-A7070）6400万后置三摄 4500mAh超长续航 游戏手机 8GB+128GB 光谱黑,1799.00,三星手机京东自营官方旗舰店,https://img10.360buyimg.com/n7/jfs/t1/54063/29/15807/89204/5dc7a33eE682cbf6e/a8af54420bd9b107.jpg
Redmi K30极速版 5G双模 120Hz流速屏 骁龙768G 6400万后置四摄 6GB+128GB 深海微光 游戏智能手机 小米 红米,1999.00,小米京东自营旗舰店,https://img12.360buyimg.com/n7/jfs/t1/121499/19/1089/85373/5eb95795E3b707fe2/a86a96c17f6e7d42.jpg
荣耀V30 PRO DXO122分 5G双模 麒麟990 5GSOC芯片 双超级快充 游戏手机8GB+128GB冰岛幻境 双卡双待,3589.00,荣耀京东自营旗舰店,https://img14.360buyimg.com/n7/jfs/t1/102710/22/12788/110906/5e4f9e57E82304cb5/6ae540e0b9d82c02.jpg
锤子(smartisan) 坚果Pro3 8GB+256GB 黑色 骁龙855PLUS 4800万四摄 UFS3.0 全网通双卡双待 全面屏游戏手机,2899.00,坚果手机京东自营旗舰店,https://img12.360buyimg.com/n7/jfs/t1/66331/6/14404/142578/5dba9d6fEe2829989/ec6d712eb5681881.jpg
OPPO Ace2 12+256 月岩灰 双模5G 185g超薄机身 65W超级闪充 40W无线闪充90Hz电竞屏高通骁龙865游戏智能手机,4599.00,OPPO京东自营官方旗舰店,https://img14.360buyimg.com/n7/jfs/t1/111348/22/6843/252228/5ebe9821Ef25c200a/ac336ae7056e3b47.jpg
魅族16T 三摄拍照大屏娱乐游戏手机 8GB+128G 鲸跃蓝 骁龙855 4500mAh大电池 超广角 全网通4G双卡双待,2299.00,魅族京东自营旗舰店,https://img10.360buyimg.com/n7/jfs/t1/92340/28/6399/214080/5df2f2bbE87a6a03d/c417e871d5a174e6.jpg
华为 nova7se 5G手机 银月星辉 全网通(8G+128G),2399.00,掌视界数码旗舰店,https://img13.360buyimg.com/n7/jfs/t1/127147/22/1546/134420/5ebdff07Ef1fd2ba0/453c06876eb4dd44.jpg
Redmi 8 5000mAh大电量 大字体大音量大内存 3D四曲面机身 AI双摄 骁龙八核处理器 AI人脸解锁 4GB+64GB 碳岩灰 游戏智能手机 小米 红米,799.00,小米京东自营旗舰店,https://img10.360buyimg.com/n7/jfs/t1/101113/31/17/194745/5da5ad50E651fb134/4b78e213e778b73c.jpg
OPPO Reno Ace 8GB+128GB 星际蓝 65W超级闪充 90Hz电竞屏 高通骁龙855Plus 4G智能游戏手机,2999.00,OPPO京东自营官方旗舰店,https://img13.360buyimg.com/n7/jfs/t1/100232/19/13731/205414/5e5cf106E05f8fbc6/d346e4403fad14c6.jpg
vivo iQOO 3 5G 12GB+128GB 驭影黑 高通骁龙865 55W超快闪充 专业电竞游戏体验手机 双模5G全网通手机,3998.00,iQOO京东官方自营旗舰店,https://img12.360buyimg.com/n7/jfs/t1/104408/23/13217/281694/5e54c880Ed2638929/20a7cdd6535c3793.jpg
华为畅享9e 手机（64G版738元起） 幻夜黑 全网通(3+64GB),738.00,新松联手机旗舰店,https://img12.360buyimg.com/n7/jfs/t1/123066/19/1495/180168/5ebd0972E02c190df/4a49b403f14de6d1.jpg
OPPO Reno3 Pro 双模5G 视频双防抖 90HZ高感曲面屏 7.7mm轻薄机身 8GB+128GB 日出印象 拍照游戏视频手机,3699.00,OPPO京东自营官方旗舰店,https://img13.360buyimg.com/n7/jfs/t1/107778/32/18061/450961/5ebe99c8E51f31935/27278fd4b317018d.jpg
"京品手机	
三星 Galaxy S10(SM-G9730)骁龙855超感屏 超声波屏下指纹 4G手机 全网通 双卡双待游戏手机 8GB+128GB炭晶黑",3999.00,三星手机京东自营官方旗舰店,https://img13.360buyimg.com/n7/jfs/t1/78070/33/7757/189352/5d5b612fE5c86d0c0/8426a625f7216e70.jpg
荣耀20 4800万超广角AI四摄 3200W美颜自拍 麒麟Kirin980全网通版8GB+128GB 蓝水翡翠,2299.00,荣耀京东自营旗舰店,https://img13.360buyimg.com/n7/jfs/t1/35493/30/14545/210121/5d280052E1187c175/e9ad9735fc3f0686.jpg
华为nova5i 手机 全网通(8G +128G)苏音蓝,1478.00,聚捷联盛手机旗舰店,https://img10.360buyimg.com/n7/jfs/t1/110851/37/8980/103979/5eb8e32cEfeaa1fc6/8940b0772142953e.jpg
努比亚 nubia 红魔5G 电竞游戏手机 8GB+128GB 骇客黑 骁龙865 144Hz屏幕刷新率 内置风扇散热,3799.00,努比亚京东自营旗舰店,https://img12.360buyimg.com/n7/jfs/t1/118326/36/6935/289195/5ebf384dE0c4e9b4f/8bff81dd0c09b767.jpg
vivo iQOO Pro 5G 12GB+128GB 勒芒蓝 高通骁龙855Plus手机 4800万AI三摄 44W超快闪充 全网通手机,3298.00,vivo京东自营官方旗舰店,https://img13.360buyimg.com/n7/jfs/t1/51786/34/8569/323476/5d5e4ac8E220d4d79/156633205ee03de5.jpg
华为nova7 se 5G手机【咨询省100元|6期免息|现货速发】nova7se全网通智能手机 幻夜黑 8GB+128GB,2399.00,咪咕旗舰店,https://img12.360buyimg.com/n7/jfs/t1/127893/33/363/110385/5eb4f5d0Eb50ae4f3/450cc1fa74961518.jpg
三星 Galaxy S20 5G (SM-G9810)双模5G 骁龙865 120Hz超感屏 8K视频 游戏手机 12GB+128GB 遐想灰,6999.00,三星手机京东自营官方旗舰店,https://img10.360buyimg.com/n7/jfs/t1/119621/37/5557/262954/5ebe91efE3faca39e/34b5aa65df195e90.jpg
Apple iPhone XS (A2100) 64GB 金色 移动联通电信4G手机,5099.00,Apple产品京东自营旗舰店,https://img13.360buyimg.com/n7/jfs/t1/1468/11/3377/138213/5b997bf3Eda5b24a4/0ace3ed19582dbe6.jpg
酷派（Coolpad）F3C全网通4G手机 移动联通4G智能手机双卡双待老人手机 工作室权限手机 全网4G（16G）,269.00,天润智能手机专营店,https://img11.360buyimg.com/n7/jfs/t1/41084/36/12007/164690/5d564af3E327f106f/2ffca716a8026d35.jpg
诺基亚（NOKIA）105 新 黑色 直板按键 移动联通2G手机 老人手机 学生备用功能机,129.00,诺基亚手机京东自营旗舰店,https://img12.360buyimg.com/n7/jfs/t1/70511/33/10791/168954/5d83270eE1c6a3d23/5696672353ea84c3.jpg
华为 nova7 5G 手机（华为直供  分期免息全国多仓 现货速发）现在下单尊享豪礼 7号色 全网通5G版（8G+128G）,2999.00,久汇通官方旗舰店,https://img13.360buyimg.com/n7/jfs/t1/122031/24/578/179284/5eb6423dE17b1029c/292fd4b00a328fd0.jpg
荣耀20i 3200万AI自拍 超广角三摄 全网通版6GB+64GB 渐变红 移动联通电信4G全面屏手机 双卡双待,1099.00,荣耀京东自营旗舰店,https://img14.360buyimg.com/n7/jfs/t1/101062/37/2153/254169/5dcbd410E6d10ba22/4ddbd212be225fcd.jpg
"京品手机	
华为 HUAWEI Mate 20 Pro (UD)屏内指纹版麒麟980芯片全面屏超大广角徕卡三摄8GB+128GB亮黑色全网通双4G手机",3499.00,华为京东自营官方旗舰店,https://img14.360buyimg.com/n7/jfs/t1/45986/26/8138/406912/5d5b53a3E561150c5/394596a8af6149cf.jpg
"京品手机	
华为 HUAWEI Mate 20 Pro (UD)屏内指纹版麒麟980芯片全面屏超大广角徕卡三摄8GB+128GB亮黑色全网通双4G手机",3499.00,华为京东自营官方旗舰店,https://img14.360buyimg.com/n7/jfs/t1/45986/26/8138/406912/5d5b53a3E561150c5/394596a8af6149cf.jpg
OPPO Reno 10倍变焦版 骁龙855  60倍数字变焦 4K视频录制 潜望式长焦镜头 6GB+128GB 雾海绿 智能游戏手机,2799.00,OPPO京东自营官方旗舰店,https://img13.360buyimg.com/n7/jfs/t1/61487/37/15028/162814/5dc91ffbE9bf29f4f/1ce6f4063f5f7be6.jpg
realme 真我X2 6400万超广角四摄 高通骁龙730G 30W VOOC4.0闪充 4000mAh大电池 全网通8GB+128GB 星图蓝 游戏智能手机,1899.00,realme真我京东自营旗舰店,https://img14.360buyimg.com/n7/jfs/t1/51082/25/11627/245323/5d88d217E174e92e2/92ebad1a16ddf166.jpg
三星Galaxy Note10(SM-N9700)骁龙855 智能S Pen 屏下指纹 4G手机 全网通双卡双待 游戏手机8GB+256GB密斯白,4799.00,三星手机京东自营官方旗舰店,https://img14.360buyimg.com/n7/jfs/t1/88636/37/2294/198759/5dcd1ed0Ea2c619d9/5c58d1ee342e7bb4.jpg
【至高特惠100】vivo iQOO Z5x 骁龙710 5000mAh大电池 4G全网通智能手机 6GB+128GB 幻影黑【升级版】,1298.00,iQOO官方旗舰店,https://img14.360buyimg.com/n7/jfs/t1/101533/35/17220/110176/5e84384cEb0075849/b5d6fbcfd4e95f48.jpg
三星 Galaxy A50s （SM-A5070）高光白 6GB+128GB 4800万后置三摄 光学屏下指纹,1569.00,三星手机京东自营官方旗舰店,https://img10.360buyimg.com/n7/jfs/t1/83673/25/13738/60708/5db14249Ea89d456b/0e39d8e67cdaf1d3.jpg
realme 真我Q 4800万超广角四摄 骁龙712AIE 20W VOOC闪充 4035mAh大电池 全网通4GB+64GB 光钻绿 游戏智能手机,998.00,realme真我京东自营旗舰店,https://img10.360buyimg.com/n7/jfs/t1/56649/30/9609/279143/5d6e5a63E0b4bd895/e079c98af242058f.jpg
vivo S5 8GB+128GB 冰岛恋歌 前置3200万写真级自拍 4800万菱感四摄极点屏手机 全网通4G手机,1998.00,vivo京东自营官方旗舰店,https://img14.360buyimg.com/n7/jfs/t1/91134/27/5067/184976/5dea0fa7E18491e5c/1f8e63a7334cbe7c.jpg
华为 HUAWEI nova 5i Pro 前置3200万人像超级夜景4800万AI四摄极点全面屏8GB+256GB翡冷翠全网通双4G手机,2099.00,华为京东自营官方旗舰店,https://img10.360buyimg.com/n7/jfs/t1/84064/13/5344/534057/5d390731E25a2dcd0/79af32402986ed99.jpg
苹果iPhone 11 手机 紫色 全网通128G,5266.00,新松联手机旗舰店,https://img12.360buyimg.com/n7/jfs/t1/111041/2/6634/196259/5ebba91dEa5a8bbe5/176b8ce1d18f60f3.jpg
华为（HUAWEI）荣耀Play3 4800万AI三摄 全网通版移动联通电信4G 双卡双待全面屏手机 幻夜黑 (4G RAM+64G ROM),888.00,众盛手机专营店,https://img14.360buyimg.com/n7/jfs/t1/64737/15/15848/139786/5dd4e2e7E3c15adfa/4542394206d3cbf3.jpg
vivo iQOO Neo3手机5G【12期免息送好礼】高通骁龙865 144Hz竞速屏电竞机全网通 夜幕黑 6GB+128GB,2698.00,京域手机旗舰店,https://img11.360buyimg.com/n7/jfs/t1/113784/10/6866/457725/5ebdf817Ec21a8fdc/7b3d6b601a36d357.jpg
新款 米蓝（MLLED）6G+64G大内存 6.5英寸水滴大屏 安卓智能手机 全网通4G学生价手机 【6.5滴屏】渐变蓝 4G+32GB,499.00,天润智能手机专营店,https://img11.360buyimg.com/n7/jfs/t1/89411/37/13946/104601/5e61dc7eE6dcb203f/6cec8fbbcffa2718.jpg
OPPO A8 4GB+128GB 天青色 6.5英寸水滴屏 4230mAh大电池 后置AI三摄 全网通4G 全面屏拍照游戏智能手机,1199.00,OPPO京东自营官方旗舰店,https://img13.360buyimg.com/n7/jfs/t1/105066/27/7065/178286/5df8c3c8E3ef6efc1/14694167153ec713.jpg
华为nova7se 5G手机（6期免息/当天发货/价保30天） 银月星辉 8G+128G全网通,2399.00,炜东电商旗舰店,https://img10.360buyimg.com/n7/jfs/t1/116968/25/6364/176087/5eb9f588Ed0ecd199/84135114ee62a5f7.jpg
OPPO Find X2 超感官旗舰 3K分辨率 120Hz超感屏 多焦段影像系统 骁龙865 65w闪充 8GB+128GB茶橘 双模5G手机,5499.00,OPPO京东自营官方旗舰店,https://img14.360buyimg.com/n7/jfs/t1/128737/3/1636/478580/5ebe979bE82003f50/4ebb9a2785ecc8e3.jpg
中兴 ZTE Blade 20 Smart孝心版 松石绿 4GB+128GB全网通 高清三摄 4G双卡双待中兴新品老人机智能手机,899.00,中兴京东自营官方旗舰店,https://img13.360buyimg.com/n7/jfs/t1/100440/20/2072/178459/5dca14caE172bd602/96864af2614f04a9.jpg
天语HD1 水滴全面屏 5.7英寸人脸指纹双解锁 6GB+64GB八核处理器 移动联通电信4G全网通智能手机 极光蓝,589.00,天语手机京东自营官方旗舰店,https://img11.360buyimg.com/n7/jfs/t1/94664/1/8639/279251/5e071936Ea2112fea/cab54255dd314b7c.jpg
朵唯D11智能手机6+64/128G八核渐变玻璃6.5英寸水滴全面屏游戏拍照大屏老人学生4G全网通 天空之境 6GB+64GB,699.00,金诚手机专营店,https://img12.360buyimg.com/n7/jfs/t1/107851/22/1612/113072/5dff276fE25cf349a/00fe2ce97cfc0f1f.jpg
荣耀Play4T 华为手机【30天价保加送碎屏险】 蓝水翡翠 6+128GB,1189.00,佳沪手机旗舰店,https://img10.360buyimg.com/n7/jfs/t1/118706/38/5323/152383/5eb3699aEd614d8da/cd325d18d8cdeea0.jpg
vivo iQOO Neo3 双模5G全网通 高通骁龙865 144Hz竞速屏 44W闪充电竞手机 8GB+256GB  夜幕黑,3398.00,iQOO官方旗舰店,https://img12.360buyimg.com/n7/jfs/t1/110451/6/13517/196968/5ea13ea8Ea951ef4e/a3ebb70e3253041e.jpg
华为nova5i 手机 幻夜黑 全网通(8GB+128GB),1448.00,一佳手机专营店,https://img10.360buyimg.com/n7/jfs/t1/116829/38/15/101355/5e85ce7dEbc956ca0/a51f804d3a9d2d8b.jpg
OPPO A92s 120Hz畅感屏 前置双摄夜景自拍 侧边指纹 8GB+128GB 私语白 双模5G 全面屏拍照智能手机,2499.00,OPPO京东自营官方旗舰店,https://img11.360buyimg.com/n7/jfs/t1/112840/24/7058/390511/5ebe9894E9d727f23/3a072104d2496df5.jpg
【6期免息+扫地机】OPPO A52 手机 8G+128G大内存 5000mAh大电池oppoa52 星耀白（8GB+128GB） 全网通,1599.00,OPPO手机乐良专卖店,https://img11.360buyimg.com/n7/jfs/t1/117729/22/4588/102849/5eaebdc1Efb8b9a5c/df03c4d99ed4e0bd.jpg
realme 真我X50 Pro 5G 6400万变焦四摄 双模5G 65W超级闪充 高通骁龙865 90Hz电竞屏 8GB+128GB 青苔 旗舰手机,3599.00,realme真我京东自营旗舰店,https://img14.360buyimg.com/n7/jfs/t1/86634/8/19016/141499/5e998663E09e719e7/30ff27ebcd84e9cf.jpg
vivo Z6手机5G双模【低至1998起】超级闪充高通骁龙大电量游戏拍照手机全网通 冰川纪 6GB 128GB 全网通,2198.00,兰珊手机旗舰店,https://img11.360buyimg.com/n7/jfs/t1/125950/1/1059/100800/5eb916ebEafe6cc97/7f6c1cc1deb1c53c.jpg
【至高特惠100元】vivo Z5x 极点全面屏  5000mAh大电池 4G全网通智能手机 极光色 6GB 128GB 升级版,1298.00,vivo官方旗舰店,https://img13.360buyimg.com/n7/jfs/t1/93615/29/17250/110698/5e84d0b3E94538aaa/a13600543152008d.jpg
vivo iQOO Neo855手机 水滴全面屏骁龙855大电池33W闪充游戏拍照美颜4G全网通 电光紫-套装版 8GB 256GB,2398.00,京域手机旗舰店,https://img14.360buyimg.com/n7/jfs/t1/112163/11/5892/142510/5eb67f8fE865d670c/20ba5832a30530ee.jpg
vivo NEX 3S 5G 12GB+256GB 深空流光 骁龙865 无界瀑布屏 6400万超高像素 双模5G全网通手机,5298.00,vivo京东自营官方旗舰店,https://img10.360buyimg.com/n7/jfs/t1/103108/15/14508/251682/5e673e12Ec0e9079b/35e49e1e9fdea370.jpg
中兴ZTE 天机Axon 11 轻薄AMOLED双曲面屏 6GB+128GB镭射黑6400万四摄 视频防抖骁龙765G游戏拍照双模5G手机,2499.00,中兴京东自营官方旗舰店,https://img11.360buyimg.com/n7/jfs/t1/118989/4/7086/74975/5ebf47e1E364e54ee/2080542c8494bdb4.jpg
诺基亚 NOKIA 220 4G 移动联通电信三网4G 黑色 双卡双待 4G备用功能机 老人机,299.00,诺基亚手机京东自营旗舰店,https://img11.360buyimg.com/n7/jfs/t1/106413/35/19677/166389/5e9fa9a0E22bcbadc/3f0eeef14be6ac35.jpg
OPPO Find X2 Pro 3K分辨率 120Hz 超感屏 骁龙865 65w闪充12GB+256GB缎黑 双模5G手机,6969.00,OPPO京东自营官方旗舰店,https://img12.360buyimg.com/n7/jfs/t1/129522/20/1685/480529/5ebe941cE906909f7/6e4584ea7545c974.jpg
诺基亚 NOKIA 8110 移动联通电信4G手机 黑色 直板按键  双卡双待 经典复刻 炫酷滑盖 4G热点备用功能机,349.00,诺基亚手机京东自营旗舰店,https://img10.360buyimg.com/n7/jfs/t23524/8/857854412/134171/f75a7737/5b45e3f8Ncbbfc7f2.jpg
realme 真我X2 6400万鹰眼四摄 30W速充 4000mAh大电池 游戏智能手机 牛油果 6GB+64GB,1599.00,realme真我官方旗舰店,https://img11.360buyimg.com/n7/jfs/t1/113285/9/7013/220895/5ebec319E2f59dce9/6dac9167b87a37a3.jpg
OPPO Reno2 Z 8G+128G 深海夜光 4800万夜拍四摄 VOOC闪充 炫彩升降 全网通4G 全面屏拍照游戏智能手机,2299.00,OPPO京东自营官方旗舰店,https://img11.360buyimg.com/n7/jfs/t1/104314/8/13769/409281/5e5cbf00Eddf3365b/f4b0dc1355ba8ae1.jpg
vivo X30 5G 秘银 8GB+128GB 双模5G 20倍变焦 50mm专业人像镜头 全网通智慧旗舰手机,2998.00,vivo京东自营官方旗舰店,https://img13.360buyimg.com/n7/jfs/t1/94428/33/6843/129595/5df752ecE819fc2d2/164854c9f2f007a5.jpg
OPPO A5 全面屏拍照手机 3GB+64GB 凝夜紫 全网通 移动联通电信4G 双卡双待手机,899.00,OPPO京东自营官方旗舰店,https://img10.360buyimg.com/n7/jfs/t1/55210/38/9555/166893/5d6e40feEe2f671ed/74181aa1ac1ead4a.jpg
三星Galaxy A80（SM-A8050）前后4800万像素 180°炫转三摄 屏下指纹 全网通4G 双卡双待 8GB+128GB太空黑,2299.00,三星手机京东自营官方旗舰店,https://img13.360buyimg.com/n7/jfs/t1/69959/37/3500/337329/5d1c1945E33706b6a/a6caeca2a36e2ec9.jpg
荣耀Play3e 5.71英寸珍珠全面屏 3020mAh长续航老人手机 1300万大光圈相机 2GB+32GB 极光蓝 移动联通电信4G,499.00,荣耀京东自营旗舰店,https://img13.360buyimg.com/n7/jfs/t1/53632/12/10958/225571/5d7df271E154cb59f/131a5bd995fbcc0a.jpg
华为nova6 手机 苏音蓝 全网通4G版（8+128G）,1998.00,聚捷联盛手机旗舰店,https://img13.360buyimg.com/n7/jfs/t1/111147/26/6119/122385/5eb84611Ee7ed90d3/f2ee75df8a48c947.jpg
金立 Gionee K3 6GB+128GB 极光蓝 5000mAh大电池 后置双摄 6.2英寸水滴屏 微信8开 全网通4G 双卡双待,799.00,金立手机京东自营旗舰店,https://img12.360buyimg.com/n7/jfs/t1/77819/16/10374/462381/5d7f070cE514b2437/4433c964f9739009.jpg
小米CC9 Pro 尊享版 1亿像素 五摄四闪 5260mAh 骁龙730G 魔法绿镜 8GB+256GB 游戏智能拍照手机,2999.00,小米京东自营旗舰店,https://img14.360buyimg.com/n7/jfs/t1/67428/17/14394/200462/5dc106a7E4f5da068/6640b93302191e65.jpg
Apple 苹果 iPhone 11 手机 黑色 全网通 128GB,5279.00,佳沪手机旗舰店,https://img11.360buyimg.com/n7/jfs/t1/119482/25/5527/107804/5ebe8dd5Edcff3ac0/d2e8c50dfc73f1ce.jpg
华为（HUAWEI）荣耀Play3e 全网通版移动联通电信4G 双卡双待 全面屏智能老人老年手机 极光蓝 (2G RAM   32G ROM),499.00,众盛手机专营店,https://img10.360buyimg.com/n7/jfs/t1/90568/4/7242/158938/5dfb373cEd56f75dc/7375b635bc847faa.jpg
黑莓（BlackBerry）KEYone 4G全网通 4GB+64GB 黑色 移动联通电信手机,1748.00,黑莓手机京东自营官方旗舰店,https://img10.360buyimg.com/n7/jfs/t6943/311/2156183263/141109/d6983fae/59897ddeN7b159d6f.jpg
华为（HUAWEI）畅享10e 移动全网通版 6.3英寸大屏幕 5000mAh大电池老人老年智能手机 幻夜黑 4GB+64GB,899.00,众盛手机专营店,https://img10.360buyimg.com/n7/jfs/t1/127682/31/145/75225/5eb3ab05E08509adc/6d1fbfbf29911829.jpg
飞利浦（PHILIPS） E319 典雅黑 音乐手机 大屏超长待机 直板按键 移动联通 老人手机 学生老年备用功能手机,179.00,飞利浦手机京东自营旗舰店,https://img12.360buyimg.com/n7/jfs/t1/109926/40/14493/128135/5ea6dc5cEf6661ca2/cd2b13c89052b288.jpg
朵唯9X智能手机八核水滴全面屏4G全网通老人超薄大屏游戏拍照学生双卡双待人脸指纹解锁 渐变蓝 4GB+64GB,598.00,金诚腾达手机专营店,https://img14.360buyimg.com/n7/jfs/t1/108638/28/14873/190214/5ea9219bE0e173e1f/e2ac37bfc72a2229.jpg
【5000毫安大电池】华为(HUAWEI)畅享10e 移动4G版全网通 智能老人老年学生大屏长待手机 幻夜黑 (4GB+64GB),888.00,优爱特手机专营店,https://img12.360buyimg.com/n7/jfs/t1/103746/32/18551/83180/5e96d6d0Ef7a6f5e9/2e5ca6f108277941.jpg
新款4G+64G大内存 6.1英寸水滴大屏 小辣椒9e安卓智能手机 全网通4G 学生价超薄指纹游戏 渐变黑 4G+64G,569.00,广中达官方旗舰店,https://img14.360buyimg.com/n7/jfs/t1/106564/1/10560/253352/5e1b3adcE5ee53dd1/2b43558917dd4e63.jpg
朵唯（DOOV）  A55 刘海全面屏拍照游戏手机全网通4G 学生老人智能超薄指纹双卡双待 极光蓝 全网通(4GB+64GB)标配版,529.00,移联翼官方旗舰店,https://img13.360buyimg.com/n7/jfs/t1/93572/18/12113/318825/5e42bbaaEd53040d5/1c71eb7b32e697cf.jpg
【送碎屏险】vivo Z5x手机极点全面屏学生智能游戏大容量闪充强劲续航拍照美颜4G全网通 极光色-升级版 6GB 128GB,1298.00,京域手机旗舰店,https://img10.360buyimg.com/n7/jfs/t1/120667/27/637/127979/5eb68a70E2ad6c91e/da5ff430c2091908.jpg
华为（HUAWEI）荣耀10青春版 全网通版移动联通电信4G 双卡双待 全面屏智能手机 幻夜黑 (4G RAM+64G ROM),899.00,众盛手机专营店,https://img12.360buyimg.com/n7/jfs/t1/22054/19/5063/144355/5c3995c7Ef4d8d570/68c64716dcec57cd.jpg
华为 HUAWEI 畅享9  4GB+64GB 极光蓝 高清珍珠屏 AI长续航 全网通高配版 移动联通电信4G手机,999.00,华为京东自营官方旗舰店,https://img11.360buyimg.com/n7/jfs/t30073/218/864057261/182405/ae2b478e/5c00e1c5N7afbd318.jpg
三星 Galaxy S20+ 5G(SM-G9860)双模5G 骁龙865 120Hz超感屏 8K视频 游戏手机 12GB+128GB 幻游黑,7999.00,三星手机京东自营官方旗舰店,https://img11.360buyimg.com/n7/jfs/t1/128907/10/1654/241312/5ebe922dEe74ada61/4b0ee15c02290e13.jpg
realme 真我X2 Pro 6400万变焦四摄 高通骁龙855Plus 50W闪充 90Hz电竞屏 12GB+256GB 月神 白色 游戏智能手机,3299.00,realme真我京东自营旗舰店,https://img14.360buyimg.com/n7/jfs/t1/72405/9/13091/195837/5da5429bE1c9f82d0/692478d25faf6fa5.jpg
纽曼（Newman）R15 星空黑 学生手机 卡片手机 移动 超薄迷你可爱儿童小手机 备用机非智能戒网手机 老人手机,165.00,纽曼京东自营官方旗舰店,https://img13.360buyimg.com/n7/jfs/t1/18432/35/14700/181113/5caac25dE68c9f8bd/d7b463017c30579b.jpg
天语（K-Touch）K7 3GB+16GB 全网通4G大屏智能老人手机 移动联通电信VoLTE 双卡双待 学生备用老年手机 黑色,289.00,天语手机京东自营官方旗舰店,https://img14.360buyimg.com/n7/jfs/t1/93915/39/8560/209791/5e06b08dE030a796f/dab47b2e45aa13c8.jpg
三星 Galaxy S20 Ultra 5G(SM-G9880)双模5G 骁龙865 1.08亿像素 100倍变焦 游戏手机 12GB+256GB 遐想灰,9999.00,三星手机京东自营官方旗舰店,https://img11.360buyimg.com/n7/jfs/t1/121204/12/1745/116933/5ebe92a8E12fdadb9/df4c4924b21ab740.jpg
vivo Y50 8GB+128GB 流光银 5000mAh大电池 极点屏 后置四摄 全网通4G手机,1698.00,vivo京东自营官方旗舰店,https://img10.360buyimg.com/n7/jfs/t1/109528/19/13470/145415/5e9ed00cE1a1a64c2/6a1fbbeb4c6105f6.jpg
vivo Y50 8GB+128GB 流光银 5000mAh大电池 极点屏 后置四摄 全网通4G手机,1698.00,vivo京东自营官方旗舰店,https://img10.360buyimg.com/n7/jfs/t1/109528/19/13470/145415/5e9ed00cE1a1a64c2/6a1fbbeb4c6105f6.jpg
三星Galaxy Note10+ 5G(SM-N9760)骁龙855 后置四摄 智能S Pen 全网通双卡双待 游戏手机12GB+256GB麦昆黑,6999.00,三星手机京东自营官方旗舰店,https://img11.360buyimg.com/n7/jfs/t1/65583/36/16376/92113/5ddd0178E68132271/a3dfc2c398963e5f.jpg
朵唯（DOOV）D19电霸智能手机八核水滴全面屏4G全网通老人大屏游戏拍照学生双卡双待手机 极光蓝（6GB+64GB),599.00,移联翼官方旗舰店,https://img14.360buyimg.com/n7/jfs/t1/117854/29/3662/77012/5ea94d03E2d0c91ff/724766fc0dd7e233.jpg
OPPO Reno3 双模5G 6400万超清四摄 视频双防抖 7.96mm纤薄机身  8GB+128GB 蓝色星夜全网通拍照游戏视频手机,2999.00,OPPO京东自营官方旗舰店,https://img14.360buyimg.com/n7/jfs/t1/125976/6/1644/372092/5ebe991eEef8a6a15/b8e2e823b8c0fa1c.jpg
vivo X27Pro 8GB+256GB大内存 黑珍珠 4800万AI三摄全面屏拍照手机 移动联通电信全网通4G手机,3298.00,vivo京东自营官方旗舰店,https://img13.360buyimg.com/n7/jfs/t1/11399/24/15514/162895/5caaa600E914adbf6/a7ccdc94f46460ed.jpg
【低至1998元】vivo Z6 双模5G全网通 44W闪充  5000mAh大电池 全场景四摄手机 6GB+128GB 冰川纪,2198.00,vivo官方旗舰店,https://img14.360buyimg.com/n7/jfs/t1/97354/10/13578/579319/5e587139Ec7936dbb/b4b39e3d2e3ea20b.png
三星Galaxy S10+ (SM-G9750) 骁龙855超感屏 超声波屏下指纹 4G手机全网通 双卡双待游戏手机8GB+128GB炭晶黑,4899.00,三星手机京东自营官方旗舰店,https://img12.360buyimg.com/n7/jfs/t1/62869/18/7574/195905/5d5b5b64E1e2ef734/0ea09df5dfd3f22c.jpg
荣耀Play4T华为手机【30天价保】 蓝水翡翠 6+128GB,1199.00,明日数码旗舰店,https://img10.360buyimg.com/n7/jfs/t1/123777/9/1580/215718/5ebd8a5aEe6650782/919f7892807a0317.jpg
华为p40pro 5G版 手机（6期免息/当天发货/价保30天） 亮黑色 8+128G全网通,5988.00,炜东电商旗舰店,https://img12.360buyimg.com/n7/jfs/t1/114945/36/6343/169535/5eb9f792E85ed6749/743ce9b23417a809.jpg
华为nova6 手机 苏音蓝 4G版 8+128G 全网通,1999.00,京铠玄手机旗舰店,https://img12.360buyimg.com/n7/jfs/t1/112406/6/2268/76775/5ea02028E5d5fc7c6/ccbb6f78047fca76.jpg
华为nova5Pro手机 亮黑色 全网通（8G+128G),1897.00,聚捷联盛手机旗舰店,https://img12.360buyimg.com/n7/jfs/t1/115094/22/6530/97923/5ebb4accEec400c48/34961a443e59f8a4.jpg
vivo U3 5000mAh大电池 骁龙675处理器 智能手机 全网通4G手机 晶石蓝 4GB 64GB,999.00,vivo官方旗舰店,https://img11.360buyimg.com/n7/jfs/t1/77082/1/13454/64380/5da98ffdE359cdb73/ff67ec68db48dd59.jpg
华为 麦芒8 手机 幻夜黑 全网通（6GB+128GB),1188.00,聚捷联盛手机旗舰店,https://img11.360buyimg.com/n7/jfs/t1/117794/35/6628/101953/5ebcc913E1fe8e019/03915efa44281468.jpg
黑莓（BlackBerry）KEY2高配版 6GB+128GB双卡双待 4G全网通手机 黑色 移动联通电信手机,3699.00,黑莓手机京东自营官方旗舰店,https://img12.360buyimg.com/n7/jfs/t27748/256/328187377/141142/af393ca6/5b8e31f9N6d11d03f.jpg
华为P40 5G手机 亮黑色 全网通(8G+128G),4458.00,掌视界数码旗舰店,https://img12.360buyimg.com/n7/jfs/t1/125293/26/1580/146260/5ebdfcf0Eb113a06b/005c3755c179671c.jpg
华为畅享10e手机【大音量/大电池】 幻夜黑 4+64G 全网通,899.00,京铠玄手机旗舰店,https://img12.360buyimg.com/n7/jfs/t1/113723/25/1499/82543/5e991dcbEd48a8491/d88f18298509423e.jpg
华为nova7 se 5G手机 绮镜森林 全网通（8G+128G）,2399.00,聚捷联盛手机旗舰店,https://img11.360buyimg.com/n7/jfs/t1/116524/31/2349/67033/5ea194c8Ee0c12879/a6bc652a6c3b2300.jpg
Apple 苹果 iphone 11 手机 绿色 全网通 128GB,5489.00,易橙手机专营店,https://img13.360buyimg.com/n7/jfs/t1/85742/14/5474/48229/5dedee7bE17d4f7cc/6a9b4794f4da7e93.jpg
荣耀9X PRO 麒麟810液冷散热 4000mAh超强续航 4800万超广角夜拍三摄 6.59英寸全网通8GB+256GB 幻夜黑,2189.00,荣耀京东自营旗舰店,https://img13.360buyimg.com/n7/jfs/t1/60077/12/5214/280975/5d36d39cE1b93d6f4/3e9957cada0fc7e4.jpg
华为nova6 5G手机（5G/4G可选）【2029起+限时直降】Nova6新品5g 苏音蓝 全网通8+128GB（4G版）,1998.00,头号卖家旗舰店,https://img12.360buyimg.com/n7/jfs/t1/125169/28/1775/150782/5ebfc109E1f6ec204/58bd924b0d177684.jpg
华为P40 Pro 5G手机 亮黑色 全网通(8G+256G),6488.00,掌视界数码旗舰店,https://img11.360buyimg.com/n7/jfs/t1/113952/29/6874/146772/5ebdfcefE193aea8f/52560c896a4620ec.jpg
荣耀30s 华为5G手机 幻夜黑 全网通8GB+128GB【6期免息】,2389.00,佳沪手机旗舰店,https://img13.360buyimg.com/n7/jfs/t1/107627/16/14683/140816/5ea91661E06cacf33/099b65e0a9c01a81.jpg
vivo U3x 5000mAh大电池 超广角AI三摄 4G全网通智能手机 深湖蓝 4GB 64GB,949.00,vivo官方旗舰店,https://img11.360buyimg.com/n7/jfs/t1/51038/21/11091/74703/5d820098E102656de/3bf99d994cce2c32.jpg
荣耀Play4T 华为手机 蓝水翡翠(6G+128G),1199.00,掌视界数码旗舰店,https://img10.360buyimg.com/n7/jfs/t1/118256/15/659/123507/5e8ed10aE538d38bc/84a9d53e1a061579.png
华为 HUAWEI nova 7 Pro 3200万追焦双摄 50倍潜望式变焦四摄 5G SoC芯片 8GB+256GB 7号色全网通5G手机,4099.00,华为京东自营官方旗舰店,https://img12.360buyimg.com/n7/jfs/t1/107157/4/13444/103485/5ea17f01E9d43ade7/80d9b123b6d23826.jpg
华为 HUAWEI  畅享10 极点全面屏4800万超清夜景4000mAh大电池 4GB+64GB幻夜黑全网通双4G手机,999.00,华为京东自营官方旗舰店,https://img10.360buyimg.com/n7/jfs/t1/91409/5/161/416545/5da825f4Ebf909b74/220b7f73ab1ce484.jpg
小米 Redmi 红米Note8 手机 梦幻蓝 全网通 6GB+128GB,1239.00,优爱特手机专营店,https://img14.360buyimg.com/n7/jfs/t1/55438/31/9267/106342/5d69eb1bE0c5db3d3/d1d0e6d3a41c480a.jpg
海信(Hisense) 彩墨屏阅读手机A5C 5.84英寸彩色水墨屏 墨水屏 电纸书阅读器 4GB+64GB(墨玉黑) 全网通4G,1699.00,海信手机京东自营旗舰店,https://img11.360buyimg.com/n7/jfs/t1/112545/28/2264/213598/5ea13477E11d295be/7b7d999cefb384b9.jpg
飞利浦S610 水滴全面屏 6.088英寸 人脸指纹双解锁 全网通4G智能手机双卡双待老人老年手机 4GB+64GB漠河夜,749.00,飞利浦手机京东自营旗舰店,https://img13.360buyimg.com/n7/jfs/t1/106142/39/15239/205331/5e718d99Ece91e8d6/606c3a0724ec5ebe.jpg
小辣椒 红辣椒8X Max 6+128GB 深海蓝 3700mAh大电池 6.53英寸水滴屏 全网通4G 双卡双待,799.00,小辣椒手机京东自营官方旗舰店,https://img14.360buyimg.com/n7/jfs/t1/118096/10/2132/320426/5e9eb974E7c8f2abc/dc0a26999616d1f8.jpg
